path_img,punto_7_X,punto_7_Y,punto_14_X,punto_14_Y
1.jpg,1939.5,1955.5,1703.5,1451.5
2.jpg,1811.5,1863.5,1623.5,1451.5
3.jpg,664.833,612.833,572.833,490.167
4.jpg,1859.5,1775.5,1587.5,1427.5
5.jpg,1987.5,1599.5,1667.5,1315.5
6.jpg,2075.5,1583.5,1755.5,1307.5
7.jpg,1779.5,1699.5,1631.5,1211.5
8.jpg,1951.5,1763.5,1695.5,1375.5
9.jpg,1803.5,1899.5,1555.5,1483.5
11.jpg,1879.5,1579.5,1571.5,1243.5
12.jpg,1995.5,1619.5,1627.5,1303.5
13.jpg,2030.5,1874.5,1700.5,1472.5
15.jpg,1991.5,1875.5,1699.5,1499.5
16.jpg,1892.5,1586.5,1562.5,1286.5
17.jpg,1875.5,1619.5,1547.5,1271.5
18.jpg,2019.5,1759.5,1727.5,1347.5
19.jpg,1955.5,1771.5,1655.5,1395.5
20.jpg,2055.5,1599.5,1715.5,1347.5
21.jpg,2083.5,1603.5,1747.5,1275.5
22.jpg,2083.5,1599.5,1775.5,1283.5
23.jpg,2031.5,1691.5,1675.5,1355.5
24.jpg,2051.5,1663.5,1735.5,1351.5
25.jpg,2007.5,1759.5,1663.5,1391.5
27.jpg,1967.5,1743.5,1591.5,1355.5
28.jpg,2067.5,1535.5,1739.5,1259.5
29.jpg,1855.5,1823.5,1611.5,1427.5
30.jpg,2023.5,1575.5,1639.5,1215.5
31.jpg,1565.5,1514.5,1409.5,1187.5
32.jpg,1915.5,1787.5,1615.5,1427.5
33.jpg,1911.5,1547.5,1659.5,1235.5
35.jpg,1871.5,1947.5,1643.5,1479.5
36.jpg,1891.5,1855.5,1647.5,1427.5
37.jpg,1919.5,1663.5,1691.5,1299.5
38.jpg,2067.5,1679.5,1747.5,1351.5
40.jpg,1859.5,1747.5,1627.5,1339.5
41.jpg,1559.5,1388.5,1328.5,1052.5
42.jpg,1951.5,1655.5,1647.5,1319.5
43.jpg,2379.5,1831.5,2027.5,1459.5
44.jpg,1793.5,1415.5,1475.5,1154.5
45.jpg,1803.5,1783.5,1519.5,1399.5
47.jpg,1939.5,1751.5,1687.5,1367.5
48.jpg,2043.5,1711.5,1679.5,1291.5
49.jpg,1823.5,1823.5,1523.5,1403.5
50.jpg,1844.5,1640.5,1553.5,1298.5
51.jpg,1831.5,1883.5,1619.5,1455.5
52.jpg,1943.5,1575.5,1611.5,1215.5
54.jpg,1919.5,1651.5,1543.5,1331.5
55.jpg,1815.5,1787.5,1539.5,1391.5
56.jpg,2007.5,1743.5,1679.5,1387.5
57.jpg,1975.5,1523.5,1611.5,1207.5
58.jpg,1839.5,1747.5,1563.5,1383.5
59.jpg,1831.5,1639.5,1567.5,1303.5
60.jpg,1907.5,1607.5,1631.5,1259.5
61.jpg,2119.5,1747.5,1787.5,1399.5
63.jpg,1975.5,1735.5,1795.5,1327.5
64.jpg,2075.5,1555.5,1687.5,1255.5
65.jpg,1883.5,1715.5,1595.5,1331.5
66.jpg,1939.5,1787.5,1707.5,1403.5
67.jpg,1827.5,1671.5,1559.5,1323.5
68.jpg,1923.5,1675.5,1635.5,1315.5
69.jpg,1887.5,1667.5,1595.5,1323.5
70.jpg,1742.5,1478.5,1439.5,1196.5
71.jpg,1939.5,1799.5,1639.5,1419.5
72.jpg,2011.5,1683.5,1715.5,1287.5
73.jpg,1947.5,1683.5,1655.5,1327.5
74.jpg,1959.5,1555.5,1639.5,1235.5
75.jpg,714.167,615.5,607.5,506.167
76.jpg,2031.5,1723.5,1687.5,1387.5
77.jpg,1763.5,1523.5,1469.5,1226.5
78.jpg,1931.5,1935.5,1591.5,1467.5
79.jpg,2135.5,1823.5,1751.5,1383.5
80.jpg,1979.5,1639.5,1659.5,1267.5
81.jpg,1979.5,1727.5,1695.5,1327.5
82.jpg,2063.5,1663.5,1707.5,1335.5
83.jpg,1999.5,1671.5,1711.5,1307.5
84.jpg,2067.5,1731.5,1727.5,1403.5
85.jpg,1859.5,1723.5,1587.5,1371.5
86.jpg,2027.5,1723.5,1703.5,1355.5
87.jpg,1817.5,1628.5,1520.5,1289.5
88.jpg,2007.5,1595.5,1659.5,1231.5
89.jpg,1835.5,1859.5,1531.5,1447.5
90.jpg,1971.5,1751.5,1655.5,1419.5
91.jpg,1623.5,1823.5,1463.5,1411.5
92.jpg,1971.5,1775.5,1659.5,1419.5
93.jpg,1619.5,1831.5,1459.5,1411.5
94.jpg,1871.5,1627.5,1603.5,1303.5
95.jpg,2015.5,1899.5,1615.5,1459.5
96.jpg,1951.5,1663.5,1687.5,1311.5
97.jpg,1599.5,1455.5,1343.5,1183.5
98.jpg,1959.5,1667.5,1607.5,1351.5
99.jpg,1659.5,1631.5,1411.5,1291.5
102.jpg,1931.5,1755.5,1519.5,1331.5
103.jpg,1927.5,1859.5,1683.5,1403.5
104.jpg,1979.5,1791.5,1711.5,1339.5
105.jpg,1319.5,1457.5,1100.5,1067.5
106.jpg,1875.5,1931.5,1615.5,1467.5
107.jpg,1935.5,1679.5,1635.5,1339.5
108.jpg,1983.5,1799.5,1683.5,1391.5
109.jpg,2143.5,1439.5,1731.5,1255.5
110.jpg,1991.5,1631.5,1667.5,1311.5
111.jpg,1238.5,1289.5,1019.5,968.5
112.jpg,1931.5,1875.5,1719.5,1451.5
113.jpg,2147.5,1679.5,1699.5,1267.5
114.jpg,1611.5,1511.5,1339.5,1163.5
115.jpg,1963.5,1695.5,1691.5,1291.5
116.jpg,1911.5,1747.5,1671.5,1323.5
117.jpg,1863.5,1447.5,1563.5,1159.5
119.jpg,1811.5,1591.5,1523.5,1239.5
120.jpg,1947.5,1679.5,1671.5,1343.5
121.jpg,1907.5,1595.5,1619.5,1219.5
122.jpg,1823.5,1839.5,1587.5,1423.5
123.jpg,2067.5,1543.5,1727.5,1235.5
124.jpg,1727.5,1779.5,1507.5,1351.5
125.jpg,2047.5,1767.5,1795.5,1383.5
127.jpg,1847.5,1775.5,1571.5,1359.5
128.jpg,2243.5,1859.5,1799.5,1431.5
129.jpg,744.833,614.167,632.833,492.833
130.jpg,1827.5,1699.5,1603.5,1283.5
131.jpg,1983.5,1847.5,1683.5,1435.5
132.jpg,1687.5,1759.5,1435.5,1319.5
133.jpg,1863.5,1667.5,1571.5,1267.5
134.jpg,2011.5,1719.5,1679.5,1331.5
135.jpg,2035.5,1551.5,1691.5,1263.5
136.jpg,2063.5,1879.5,1659.5,1435.5
137.jpg,1799.5,1771.5,1563.5,1347.5
138.jpg,2047.5,1843.5,1619.5,1447.5
139.jpg,1819.5,1599.5,1543.5,1243.5
140.jpg,520.5,411.5,426.5,315.5
141.jpg,2099.5,1579.5,1727.5,1283.5
142.jpg,1567.5,1807.5,1303.5,1395.5
143.jpg,1895.5,1647.5,1583.5,1303.5
144.jpg,1271.5,1571.5,1034.5,1127.5
145.jpg,1316.5,1463.5,1028.5,1115.5
146.jpg,1715.5,1851.5,1439.5,1395.5
147.jpg,1627.5,1879.5,1355.5,1443.5
148.jpg,1514.5,1415.5,1223.5,1082.5
149.jpg,1827.5,1631.5,1395.5,1331.5
150.jpg,1262.5,1361.5,1013.5,989.5
151.jpg,1199.5,1376.5,929.5,998.5
152.jpg,1699.5,1595.5,1383.5,1295.5
153.jpg,1520.5,1436.5,1244.5,1061.5
154.jpg,1628.5,1544.5,1289.5,1163.5
155.jpg,1268.5,1268.5,911.5,944.5
156.jpg,1687.5,1779.5,1407.5,1343.5
157.jpg,1703.5,1727.5,1435.5,1359.5
158.jpg,1190.5,1346.5,887.5,1004.5
159.jpg,1322.5,1397.5,1094.5,1061.5
160.jpg,1719.5,1815.5,1443.5,1419.5
161.jpg,1767.5,1751.5,1479.5,1383.5
162.jpg,1262.5,1373.5,974.5,1022.5
163.jpg,1424.5,1541.5,1109.5,1127.5
164.jpg,1487.5,1565.5,1151.5,1208.5
165.jpg,1795.5,1839.5,1519.5,1463.5
166.jpg,1589.5,1646.5,1289.5,1289.5
167.jpg,1547.5,1631.5,1340.5,1352.5
168.jpg,1415.5,1388.5,1076.5,1103.5
169.jpg,1343.5,1532.5,1064.5,1169.5
170.jpg,1445.5,1547.5,1085.5,1145.5
171.jpg,1520.5,1469.5,1091.5,1118.5
172.jpg,2081.5,1766.5,1772.5,1346.5
173.jpg,2018.5,1742.5,1745.5,1373.5
175.jpg,1863.913,1869.397,1606.185,1501.998
176.jpg,1825.528,1699.406,1647.312,1406.035
177.jpg,1874.88,1841.979,1608.927,1477.322
178.jpg,1762.467,1781.66,1628.12,1441.678
179.jpg,1762.467,1773.434,1630.862,1444.42
180.jpg,2101.949,1828.941,1885.231,1432.093
181.jpg,1290.372,1719.166,1079.342,1330.781
182.jpg,2627.211,2345.283,2385.042,1875.404
183.jpg,2063.078,1806.89,1880.086,1474.691
184.jpg,2599.5,2339.5,2311.5,1915.5
185.jpg,582.768,731.218,495.613,586.599
186.jpg,2090.691,1738.876,1927.449,1463.052
187.jpg,2172.873,1896.978,1894.163,1578.855
188.jpg,2096.861,1863.195,1874.456,1514.104
189.jpg,1048.748,1389.463,857.096,1035.197
190.jpg,1989.881,1857.564,1849.119,1516.919
191.jpg,1949.965,1935.893,1812.053,1403.948
192.jpg,1955.594,1927.449,1812.053,1409.577
193.jpg,1795.369,1861.171,1641.829,1534.899
194.jpg,866.467,820.211,713.162,629.901
195.jpg,2240.438,2015.219,1989.881,1635.16
196.jpg,2768.175,2486.247,2460.946,2077.813
197.jpg,2113.862,2478.979,1911.387,1977.772
198.jpg,868.776,1042.029,703.056,838.645
199.jpg,1595.253,1842.828,1408.959,1406.508
200.jpg,2652.512,2479.018,2348.897,1998.295
201.jpg,2073.804,1671.327,1831.755,1296.996
202.jpg,1820.045,1937.941,1578.768,1567.801
203.jpg,2088.415,1939.207,1882.902,1561.963
204.jpg,2475.404,2265.765,2171.789,1882.633
205.jpg,2234.232,1876.788,1949.965,1471.496
206.jpg,2153.166,2037.74,1911.054,1654.867
207.jpg,1918.605,1588.988,1730.601,1230.071
208.jpg,2634.44,2363.355,2366.97,1987.452
209.jpg,2037.215,1800.795,1828.941,1448.98
210.jpg,2045.659,1775.465,1890.86,1460.238
211.jpg,1070.45,1445.757,863.842,1136.792
212.jpg,2674.199,2529.621,2359.741,2009.139
213.jpg,584.736,497.542,509.365,373.401
214.jpg,1784.401,2014.711,1617.153,1619.894
215.jpg,1863.913,1981.81,1680.214,1578.768
216.jpg,2164.427,1964.544,1899.793,1592.931
217.jpg,2161.611,1958.914,1902.609,1595.746
218.jpg,1976.13,2782.997,1740.633,2014.736
219.jpg,2569.379,2533.235,2327.211,2012.753
220.jpg,2493.476,2522.392,2319.982,1998.295
221.jpg,2645.283,2359.741,2392.271,1922.392
222.jpg,2627.211,2616.367,2359.741,2038.054
223.jpg,2403.73,2431.932,2142.861,1998.325
224.jpg,1677.751,1701.096,1361.296,1301.636
225.jpg,1992.777,1943.425,1699.406,1589.735
226.jpg,2551.307,2294.681,2262.151,1839.259
227.jpg,2093.506,1713.545,1814.868,1387.06
228.jpg,891.549,996.986,723.683,777.789
229.jpg,1905.04,2066.805,1608.927,1608.927
230.jpg,2125.013,1863.195,1939.207,1491.582
231.jpg,2079.969,1860.38,1829.412,1505.658
232.jpg,2245.094,2382.579,1952.496,1966.598
233.jpg,2034.401,2034.401,1848.642,1547.488
234.jpg,3173.08,3068.089,2676.76,2223.392
235.jpg,1438.631,1720.768,1265.556,1208.655
236.jpg,2189.2,2003.441,1935.893,1592.521
237.jpg,1850.204,1918.749,1641.829,1578.768
238.jpg,1850.204,1943.425,1661.021,1586.993
239.jpg,708.088,1106.042,583.548,858.394
240.jpg,2377.092,2900.487,1942.959,2263.487
241.jpg,1472.035,1572.599,1206.26,1223.021
242.jpg,1526.095,1580.177,1295.016,1162.269
243.jpg,1244.159,1427.261,1109.012,1030.54
244.jpg,2583.837,2395.885,2280.223,1947.693
245.jpg,1794.007,1809.725,1529.416,1382.711
246.jpg,1186.196,1410.327,942.053,1048.115
247.jpg,2601.91,2515.163,2359.741,2001.91
248.jpg,1480.299,1591.359,1165.629,1137.864
249.jpg,2234.808,1936.391,1936.391,1522.55
250.jpg,2079.969,1905.424,1866.01,1485.952
251.jpg,1990.382,1799.365,1707.892,1331.239
252.jpg,1697.077,1594.908,1414.148,1230.768
253.jpg,1697.077,1594.908,1414.148,1230.768
254.jpg,1654.195,1751.237,1397.904,1377.998
255.jpg,1667.808,1747.488,1393.906,1378.967
256.jpg,2088.415,1880.087,1933.576,1550.702
257.jpg,1072.283,1320.717,859.609,1015.821
258.jpg,1070.401,1318.835,850.198,1025.231
259.jpg,1822.786,1968.101,1584.251,1589.735
260.jpg,2020.849,1823.781,1789.999,1440.908
261.jpg,2220.417,2375.528,1970.123,1913.719
262.jpg,2175.688,1933.576,1942.022,1542.257
263.jpg,1811.819,2044.871,1603.444,1606.185
264.jpg,1872.138,1965.359,1658.279,1551.35
265.jpg,2048.474,1786.723,1814.868,1440.536
266.jpg,2065.893,1998.327,1894.163,1590.116
267.jpg,2259.194,2477.761,1984.224,1970.123
268.jpg,2283.871,2372.003,2012.426,1910.193
269.jpg,2141.905,1981.435,1880.087,1601.377
270.jpg,2085.062,1809.239,1828.941,1496.827
271.jpg,1979.068,1935.199,1671.988,1570.542
272.jpg,2141.905,1981.435,1880.087,1601.377
273.jpg,2048.474,1696.658,1795.166,1367.359
274.jpg,2040.03,1888.046,1778.279,1544.674
275.jpg,2189.764,2023.664,2012.403,1584.485
276.jpg,2685.042,2442.874,2352.512,1994.681
277.jpg,1863.913,1995.519,1628.12,1586.993
278.jpg,2721.187,2536.849,2453.717,2070.584
279.jpg,2246.069,1989.881,1972.99,1635.16
280.jpg,2245.094,2280.346,2037.103,1871.415
281.jpg,2226.362,2068.708,1970.175,1584.485
282.jpg,1693.923,1469.096,1545.866,1066.054
283.jpg,3738.493,3508.232,3201.218,2866.792
284.jpg,2146.982,1831.755,1896.489,1389.875
285.jpg,1559.925,1637.57,1364.559,1294.427
286.jpg,2410.343,2395.885,2150.103,1911.548
287.jpg,2393.155,2347.326,2100.558,1987.749
288.jpg,858.971,1083.114,726.031,828.055
289.jpg,1836.495,1872.139,1636.345,1543.124
290.jpg,2410.781,2594.095,2111.133,2100.558
291.jpg,2246.069,2079.969,1987.066,1677.389
292.jpg,2150.351,2040.556,1916.685,1635.16
293.jpg,2623.596,2374.199,2298.295,1983.837
294.jpg,2527.115,2523.589,2149.911,2089.982
295.jpg,2237.623,1908.239,1967.359,1581.67
296.jpg,2083.915,3022.286,1730.102,2241.592
297.jpg,1831.012,1924.232,1677.472,1581.509
298.jpg,1767.951,1841.979,1559.575,1477.322
299.jpg,2116.567,1919.5,1888.532,1533.811
300.jpg,862.81,1013.012,737.876,799.641
301.jpg,2187.181,1980.796,1824.533,1550.336
302.jpg,1863.913,1932.458,1603.444,1611.669
303.jpg,763.214,1014.808,600.944,804.898
304.jpg,2243.254,1922.315,1967.359,1553.518
305.jpg,2213.366,2252.144,1934.87,1857.314
306.jpg,775.981,1040.657,634.138,819.85
307.jpg,2155.425,1854.271,1896.489,1505.27
308.jpg,1947.652,2040.556,1733.694,1615.453
309.jpg,2583.837,2435.645,2334.44,1972.994
310.jpg,2677.813,2453.717,2413.958,1991.066
311.jpg,2048.608,1624.045,1741.979,1217.171
312.jpg,785.852,1059.749,669.519,824.138
313.jpg,790.535,1007.109,678.407,784.391
314.jpg,2170.057,1860.38,1880.086,1519.735
315.jpg,1781.66,1792.627,1603.444,1452.646
316.jpg,901.726,1311.139,765.255,1017.347
317.jpg,2616.367,2352.512,2280.223,1951.307
318.jpg,2032.11,1925.13,1781.553,1550.702
319.jpg,541.876,480.997,479.614,378.61
320.jpg,1814.561,1444.42,1617.153,1066.054
321.jpg,1940.683,2039.387,1691.181,1619.894
322.jpg,2144.167,2045.659,1975.296,1615.037
323.jpg,2102.491,2065.893,1961.729,1629.529
324.jpg,1869.397,1902.298,1559.575,1512.965
325.jpg,1847.462,1803.594,1650.054,1480.063
326.jpg,1898.242,1824.533,1641.735,1258.448
327.jpg,2105.306,2088.415,1868.825,1592.931
328.jpg,1894.073,1828.27,1647.312,1532.157
329.jpg,2717.572,2410.343,2352.512,2016.367
330.jpg,2144.72,1942.022,1922.315,1556.333
331.jpg,2059.732,1783.908,1862.715,1429.278
332.jpg,806.758,970.448,675.246,752.195
333.jpg,2572.994,2338.054,2301.91,1904.319
334.jpg,1989.191,2498.865,1652.675,1842.169
335.jpg,1946.167,1883.106,1650.054,1532.157
336.jpg,2511.548,2439.259,2211.548,2023.596
337.jpg,2076.619,1778.279,1826.126,1392.689
338.jpg,700.661,966.081,598.468,757.435
339.jpg,1014.253,1292.241,775.144,996.757
340.jpg,2634.44,2366.97,2345.283,1954.922
341.jpg,2609.139,2475.404,2305.524,2001.91
342.jpg,1094.344,1320.929,852.526,1037.222
343.jpg,1806.843,1862.862,1585.716,1361.641
344.jpg,2237.623,2032.11,1933.576,1618.268
345.jpg,1050.54,1249.253,850.186,902.738
346.jpg,2082.931,2245.094,1917.244,1889.042
347.jpg,1806.336,1987.293,1628.12,1595.218
348.jpg,1811.819,2091.481,1655.538,1671.988
349.jpg,2616.367,2424.801,2330.825,1951.307
350.jpg,2369.5,1883.5,2112.167,1532.833
351.jpg,670.0,752.5,553.5,647.5
353.jpg,826.833,794.5,744.833,657.833
354.jpg,1878.833,1520.167,1571.5,1261.5
355.jpg,766.833,744.167,691.0,618.5
356.jpg,1088.5,2002.5,874.5,1653.5
357.jpg,1088.833,2010.0,867.5,1660.5
358.jpg,1989.5,1685.5,1708.5,1352.5
359.jpg,1812.5,1923.5,1585.5,1517.5
360.jpg,504.5,543.5,454.0,464.5
361.jpg,1690.833,1527.833,1458.5,1160.5
362.jpg,1864.167,1511.167,1576.833,1251.167
363.jpg,2125.5,1922.5,1890.833,1432.167
364.jpg,804.5,647.833,720.0,542.5
365.jpg,813.5,768.833,734.0,649.0
366.jpg,813.5,771.5,740.833,651.5
367.jpg,747.0,782.0,682.833,664.5
368.jpg,812.167,768.167,737.5,648.5
369.jpg,1232.5,1800.167,1060.5,1445.5
370.jpg,1673.5,1546.5,1450.833,1211.833
371.jpg,477.0,438.0,420.833,372.5
372.jpg,1300.5,1736.5,1089.167,1378.167
373.jpg,1753.167,1679.167,1584.5,1367.5
374.jpg,496.833,550.167,451.5,446.833
375.jpg,759.5,777.5,685.0,662.0
376.jpg,1898.5,1683.5,1640.5,1324.833
377.jpg,1927.5,1766.5,1661.5,1422.5
378.jpg,916.5,899.0,755.5,737.5
379.jpg,965.5,992.5,792.5,821.5
380.jpg,1673.5,1706.5,1459.833,1381.167
381.jpg,904.5,1592.5,782.421,1328.704
382.jpg,2649.135,2211.179,2231.5,1926.5
383.jpg,1833.5,1891.5,1554.5,1577.5
384.jpg,2247.5,1963.5,1945.5,1623.5
385.jpg,2728.5,2500.5,2369.5,2104.5
386.jpg,1639.5,1549.5,1455.5,1299.5
387.jpg,2167.167,1956.167,1926.5,1597.5
388.jpg,1641.5,1487.5,1477.167,1105.167
389.jpg,803.167,748.5,722.5,633.167
391.jpg,1164.5,1923.5,919.833,1527.833
392.jpg,1698.833,1473.5,1455.833,1187.167
393.jpg,1858.5,1542.5,1588.5,1232.5
394.jpg,1608.5,1725.833,1446.5,1334.5
395.jpg,763.5,786.5,682.5,652.167
396.jpg,470.0,531.0,438.5,438.0
397.jpg,1219.5,2147.5,975.5,1739.5
399.jpg,1203.5,2311.5,960.5,1824.5
400.jpg,1858.5,1634.5,1696.167,1278.833
401.jpg,1250.5,2176.5,1044.5,1754.5
402.jpg,1196.5,2225.5,1012.5,1783.5
403.jpg,1067.5,1226.429,887.381,912.81
404.jpg,1714.833,1544.167,1503.5,1262.5
405.jpg,2009.5,1817.5,1885.5,1492.167
407.jpg,1991.833,1732.5,1810.5,1399.167
408.jpg,744.833,791.5,660.833,649.833
409.jpg,770.167,745.5,706.167,626.167
410.jpg,464.5,565.0,414.0,466.0
411.jpg,465.5,564.5,416.5,465.0
412.jpg,492.5,480.5,446.5,415.5
413.jpg,505.5,521.5,445.5,458.5
414.jpg,1395.857,1732.167,1102.595,1438.905
415.jpg,1891.5,1735.5,1667.5,1387.5
416.jpg,858.167,798.167,784.833,668.833
418.jpg,1631.5,1646.5,1442.5,1385.5
419.jpg,2169.167,2782.167,1759.5,2370.5
421.jpg,1648.833,1647.833,1459.5,1406.5
423.jpg,784.5,672.167,693.5,538.5
424.jpg,531.25,512.75,477.833,428.167
425.jpg,809.833,651.833,720.0,552.0
426.jpg,787.0,818.5,701.0,691.0
427.jpg,797.5,760.5,708.167,630.833
428.jpg,504.0,549.5,458.833,458.833
429.jpg,854.5,639.5,750.5,560.5
430.jpg,1847.5,1763.5,1595.5,1398.5
431.jpg,795.5,748.833,710.167,616.833
432.jpg,842.167,801.5,775.5,653.5
433.jpg,821.5,760.833,732.833,656.167
434.jpg,915.5,1063.5,780.5,880.833
435.jpg,689.5,762.5,605.0,622.0
436.jpg,1683.833,1461.833,1491.833,1234.833
437.jpg,793.833,773.5,694.5,666.0
438.jpg,797.5,784.0,699.5,661.5
439.jpg,482.0,503.0,428.0,433.0
440.jpg,472.5,478.0,411.5,399.0
441.jpg,750.833,696.167,675.5,584.0
442.jpg,477.5,472.167,415.5,406.833
443.jpg,1173.864,1802.494,905.5,1479.5
444.jpg,1177.5,1786.5,904.167,1477.833
445.jpg,1697.5,1531.5,1462.5,1304.5
446.jpg,801.5,662.833,701.0,547.0
447.jpg,1563.5,1508.5,1378.5,1299.5
448.jpg,764.833,814.5,691.5,671.833
449.jpg,818.833,792.833,740.833,674.167
450.jpg,207.75,232.0,190.0,191.75
451.jpg,461.5,575.0,412.5,480.833
452.jpg,468.5,524.5,418.5,437.5
453.jpg,470.0,526.0,421.5,438.5
454.jpg,438.833,424.5,380.0,340.5
455.jpg,439.5,481.5,381.833,419.833
456.jpg,2185.5,1657.5,1981.5,1348.167
457.jpg,487.5,543.5,448.5,459.5
458.jpg,1300.5,1861.5,1002.5,1595.5
459.jpg,469.0,479.5,417.167,405.833
460.jpg,467.167,516.167,420.5,429.5
461.jpg,496.5,538.0,441.167,469.167
462.jpg,501.167,712.5,435.167,587.167
463.jpg,658.0,921.5,595.0,794.0
464.jpg,777.0,762.5,720.833,639.167
465.jpg,1562.5,1603.167,1409.167,1331.833
466.jpg,701.167,511.167,648.167,425.5
467.jpg,826.167,748.167,723.5,638.167
468.jpg,488.5,563.0,437.5,466.833
469.jpg,807.0,761.0,720.5,659.167
470.jpg,2117.5,1837.5,1935.5,1461.5
471.jpg,490.167,476.167,432.5,397.833
472.jpg,1738.5,1527.5,1534.5,1313.5
473.jpg,1777.5,1743.5,1619.833,1411.167
474.jpg,759.167,776.833,692.833,660.167
475.jpg,484.75,517.0,432.833,454.167
476.jpg,783.0,758.0,694.0,634.5
477.jpg,1602.833,1589.5,1443.5,1320.5
478.jpg,754.5,1040.5,616.5,810.5
479.jpg,1105.5,2018.5,841.833,1625.167
480.jpg,2150.5,1781.5,1956.5,1384.833
481.jpg,2087.5,1928.5,1840.167,1514.167
482.jpg,1590.5,1444.833,1469.167,1241.833
483.jpg,785.5,686.5,687.0,584.5
484.jpg,487.0,503.5,432.833,427.833
485.jpg,835.5,751.5,728.0,636.5
486.jpg,1282.5,1899.5,1022.5,1535.5
487.jpg,813.5,787.5,728.833,655.5
488.jpg,2380.5,2335.5,2057.833,1987.5
489.jpg,844.5,915.167,672.5,717.833
490.jpg,2292.5,2370.5,1905.5,1959.5
491.jpg,497.5,470.0,435.5,394.5
492.jpg,2138.5,1956.5,1910.5,1580.5
493.jpg,1795.5,1903.5,1526.5,1540.5
494.jpg,481.5,529.0,426.833,455.833
495.jpg,822.5,931.5,688.5,728.5
496.jpg,2595.5,2349.5,2298.5,1950.5
497.jpg,2597.5,2489.5,2326.5,2074.5
498.jpg,2085.5,1877.5,1835.5,1533.5
499.jpg,1843.167,1911.167,1564.167,1601.833
500.jpg,2533.5,2310.5,2145.5,1980.5
501.jpg,1587.5,1933.5,1445.5,1617.5
502.jpg,776.167,814.833,710.167,684.5
503.jpg,2149.5,1849.5,1890.167,1542.5
504.jpg,2331.5,2288.5,2034.5,1868.5
505.jpg,1936.5,1730.5,1675.5,1380.167
506.jpg,2351.5,2059.5,2045.5,1741.5
507.jpg,2228.5,1894.833,1931.167,1589.833
508.jpg,2271.5,1945.5,1983.5,1587.5
509.jpg,1622.5,1482.5,1380.5,1120.5
510.jpg,2198.5,2374.5,1898.5,1942.5
511.jpg,2873.5,2495.5,2496.5,2107.5
512.jpg,2411.5,2421.5,2117.5,2017.5
513.jpg,765.5,846.5,697.5,713.5
514.jpg,1407.5,2036.5,1074.5,1715.5
515.jpg,1894.5,1921.5,1624.5,1588.5
516.jpg,2122.5,1875.5,1822.5,1557.5
517.jpg,2091.5,1907.5,1814.5,1584.5
519.jpg,789.5,1032.5,666.833,810.833
520.jpg,1949.5,2835.5,1577.5,2255.5
521.jpg,2261.5,1969.5,1967.5,1636.5
522.jpg,2779.5,2452.5,2407.5,2035.5
523.jpg,1880.5,1520.5,1607.5,1235.5
524.jpg,1854.591,1688.035,1616.243,1369.281
525.jpg,1463.843,1705.248,1288.759,1325.898
526.jpg,1906.281,1708.136,1719.623,1306.104
527.jpg,1698.494,1537.427,1464.687,1241.272
528.jpg,1763.5,2108.5,1544.5,1661.5
529.jpg,1988.5,1634.5,1718.5,1262.5
530.jpg,2036.5,1664.5,1733.5,1367.5
531.jpg,1973.5,1700.5,1700.5,1337.5
533.jpg,2156.5,1571.5,1808.5,1268.5
535.jpg,1719.5,2387.5,1483.5,2015.5
536.jpg,1847.5,1547.5,1610.5,1256.5
537.jpg,1976.5,1745.5,1727.5,1343.5
538.jpg,1931.5,1724.5,1625.5,1310.5
539.jpg,1964.5,1652.5,1745.5,1289.5
540.jpg,2015.5,1784.5,1724.5,1421.5
542.jpg,1922.5,1808.5,1628.5,1400.5
543.jpg,1856.5,1667.5,1595.5,1331.5
544.jpg,1961.5,1619.5,1694.5,1265.5
547.jpg,1997.5,1787.5,1772.5,1379.5
548.jpg,1871.5,1478.5,1619.5,1160.5
549.jpg,1859.5,1607.5,1661.5,1253.5
550.jpg,1931.5,1940.5,1619.5,1631.5
551.jpg,2087.5,2747.5,1767.5,2127.5
552.jpg,2667.5,2447.5,2287.5,2007.5
553.jpg,1826.5,1703.5,1571.5,1322.5
554.jpg,1643.5,1631.5,1457.5,1298.5
555.jpg,1233.911,1430.391,998.988,1210.419
556.jpg,1934.5,1835.5,1718.5,1448.5
557.jpg,1853.5,2021.5,1691.5,1544.5
558.jpg,2787.5,2543.5,2459.5,2107.5
559.jpg,2060.5,1886.5,1688.5,1430.5
560.jpg,1907.5,1586.5,1607.5,1292.5
561.jpg,729.215,990.682,626.679,789.027
562.jpg,1679.5,1691.5,1475.5,1367.5
563.jpg,1775.5,1745.5,1565.5,1373.5
564.jpg,1760.5,1478.5,1514.5,1175.5
565.jpg,1715.5,1706.5,1511.5,1319.5
567.jpg,1982.5,1718.5,1727.5,1322.5
568.jpg,909.5,1379.5,801.5,1067.5
569.jpg,1742.5,1676.5,1502.5,1271.5
570.jpg,1871.5,1652.5,1595.5,1319.5
571.jpg,1883.5,1610.5,1637.5,1241.5
572.jpg,2033.5,1937.5,1790.5,1601.5
573.jpg,1817.5,1595.5,1517.5,1280.5
574.jpg,1827.953,1657.798,1553.974,1334.79
575.jpg,1901.5,1577.5,1628.5,1283.5
576.jpg,1856.5,1631.5,1619.5,1310.5
577.jpg,1787.5,1655.5,1592.5,1256.5
578.jpg,1934.5,1844.5,1694.5,1466.5
579.jpg,1961.5,1721.5,1748.5,1361.5
580.jpg,1826.5,1739.5,1535.5,1382.5
581.jpg,1697.5,1763.5,1502.5,1394.5
582.jpg,1925.5,1664.5,1661.5,1301.5
583.jpg,2027.5,1502.5,1724.5,1208.5
584.jpg,1457.5,1643.5,1229.5,1181.5
585.jpg,1922.5,1640.5,1631.5,1304.5
586.jpg,1940.5,1625.5,1724.5,1235.5
587.jpg,1544.5,1538.5,1349.5,1247.5
588.jpg,806.379,906.469,655.474,723.228
589.jpg,2024.5,1709.5,1724.5,1391.5
591.jpg,1838.5,1544.5,1547.5,1253.5
592.jpg,1817.5,1715.5,1523.5,1373.5
593.jpg,2044.639,1705.284,1750.331,1486.055
594.jpg,1676.5,1568.5,1436.5,1184.5
596.jpg,1832.5,1676.5,1580.5,1328.5
597.jpg,1961.5,1562.5,1727.5,1217.5
598.jpg,2249.5,2048.5,1958.5,1625.5
600.jpg,1868.5,1607.5,1643.5,1265.5
601.jpg,1985.5,1649.5,1754.5,1259.5
603.jpg,2009.5,1709.5,1664.5,1340.5
604.jpg,1892.5,1847.5,1661.5,1466.5
605.jpg,2559.5,2499.5,2323.5,2047.5
606.jpg,1883.5,1694.5,1637.5,1346.5
607.jpg,1907.5,1970.5,1619.5,1610.5
608.jpg,1922.5,1646.5,1682.5,1301.5
609.jpg,1787.5,1706.5,1541.5,1340.5
610.jpg,2090.5,1991.5,1880.5,1625.5
612.jpg,1835.5,1703.5,1637.5,1304.5
613.jpg,1898.5,1679.5,1589.5,1361.5
614.jpg,1901.5,1676.5,1592.5,1358.5
615.jpg,1922.5,1742.5,1658.5,1331.5
616.jpg,1784.5,1895.5,1613.5,1478.5
617.jpg,1850.5,1745.5,1649.5,1403.5
618.jpg,2132.5,1871.5,1823.5,1547.5
619.jpg,1685.5,1781.5,1517.5,1415.5
620.jpg,819.5,945.5,685.5,741.5
621.jpg,1724.5,1712.5,1547.5,1373.5
623.jpg,823.523,886.791,652.237,701.617
624.jpg,2141.5,2093.5,1907.5,1730.5
625.jpg,1850.5,1724.5,1607.5,1316.5
626.jpg,1559.5,1619.5,1418.5,1274.5
627.jpg,1472.5,1637.5,1262.5,1292.5
628.jpg,1304.5,1427.5,1067.5,1082.5
629.jpg,1919.5,1676.5,1634.5,1349.5
630.jpg,1655.5,1475.5,1403.5,1145.5
631.jpg,2159.5,1823.5,1946.5,1502.5
632.jpg,2051.5,1627.5,1735.5,1227.5
633.jpg,1865.5,1610.5,1601.5,1229.5
634.jpg,20.429,18.276,17.641,14.888
635.jpg,1994.5,1721.5,1649.5,1442.5
636.jpg,2213.5,1889.5,1880.5,1574.5
637.jpg,1958.5,1706.5,1745.5,1313.5
638.jpg,1817.5,1892.5,1688.5,1397.5
639.jpg,2123.5,1970.5,1958.5,1544.5
640.jpg,1781.5,1970.5,1622.5,1493.5
641.jpg,2078.5,1757.5,1805.5,1427.5
642.jpg,1901.5,1916.5,1664.5,1493.5
643.jpg,1778.5,1727.5,1541.5,1337.5
644.jpg,2090.5,1622.5,1802.5,1319.5
645.jpg,2090.5,1916.5,1790.5,1559.5
646.jpg,2699.5,2455.5,2335.5,2003.5
647.jpg,2747.5,2563.5,2419.5,2071.5
648.jpg,1784.5,1970.5,1622.5,1499.5
650.jpg,1922.5,1541.5,1685.5,1229.5
651.jpg,773.5,1035.5,657.5,817.5
652.jpg,2695.5,2479.5,2431.5,2027.5
653.jpg,2051.5,1889.5,1802.5,1538.5
654.jpg,1805.5,1691.5,1655.5,1310.5
655.jpg,2327.5,2403.5,2027.5,1975.5
656.jpg,1799.5,1856.5,1580.5,1394.5
657.jpg,2117.5,1907.5,1916.5,1538.5
658.jpg,1877.5,1475.5,1643.5,1160.5
659.jpg,2063.5,1568.5,1766.5,1271.5
660.jpg,1970.5,1832.5,1649.5,1529.5
661.jpg,1859.5,1844.5,1598.5,1517.5
662.jpg,2515.5,2239.5,2303.5,1887.5
663.jpg,1619.5,1691.5,1373.5,1316.5
664.jpg,685.5,961.5,561.5,731.5
665.jpg,1460.5,1634.5,1265.5,1268.5
666.jpg,1385.5,1406.5,1076.5,1097.5
667.jpg,1745.5,1748.5,1487.5,1343.5
668.jpg,1238.5,1430.5,971.5,1067.5
669.jpg,1679.5,1718.5,1475.5,1340.5
670.jpg,1736.5,1793.5,1481.5,1403.5
671.jpg,1097.5,1317.5,879.5,927.5
672.jpg,1304.5,1484.5,1082.5,1130.5
673.jpg,1556.5,1352.5,1292.5,1016.5
674.jpg,1790.5,1910.5,1556.5,1574.5
675.jpg,881.5,1367.5,719.5,1069.5
676.jpg,1787.5,1412.5,1526.5,1073.5
677.jpg,1751.5,1421.5,1496.5,1085.5
678.jpg,1676.5,1700.5,1427.5,1346.5
679.jpg,1703.5,1763.5,1445.5,1460.5
680.jpg,849.5,893.5,673.5,681.5
681.jpg,1577.5,1454.5,1322.5,1103.5
682.jpg,2587.5,2523.5,2303.5,2043.5
683.jpg,1430.5,1661.5,1241.5,1304.5
684.jpg,1961.5,1751.5,1613.5,1379.5
685.jpg,1304.5,1418.5,1010.5,1061.5
686.jpg,1694.5,1748.5,1484.5,1364.5
687.jpg,1754.5,1718.5,1487.5,1328.5
688.jpg,1382.5,1394.5,1088.5,1025.5
689.jpg,1268.5,1364.5,1022.5,986.5
690.jpg,1592.5,1628.5,1379.5,1277.5
691.jpg,1472.5,1892.5,1457.5,1478.5
693.jpg,1934.5,1889.5,1649.5,1490.5
694.jpg,1799.5,1799.5,1601.5,1382.5
695.jpg,1985.5,1718.5,1754.5,1349.5
696.jpg,1805.5,1862.5,1637.5,1436.5
697.jpg,774.5,717.5,684.833,606.833
698.jpg,1114.5,1985.5,875.5,1659.5
699.jpg,1115.5,1967.5,869.5,1656.5
700.jpg,1161.5,2149.5,937.758,1743.13
701.jpg,1162.5,2143.5,928.5,1739.5
702.jpg,499.167,495.5,452.5,422.167
703.jpg,1300.5,2032.5,1052.5,1705.5
704.jpg,1193.5,1998.5,903.5,1690.5
705.jpg,1594.5,1224.5,1420.5,934.5
706.jpg,1121.5,2106.5,962.5,1741.5
707.jpg,802.167,789.167,756.5,666.5
708.jpg,1060.5,1304.5,967.5,1126.5
709.jpg,1209.5,1998.5,908.5,1626.5
710.jpg,1096.823,2126.556,867.5,1712.5
711.jpg,1293.638,2122.051,1062.836,1697.541
712.jpg,1134.571,2323.3,1043.765,1844.506
713.jpg,1179.5,1959.5,899.5,1591.5
714.jpg,1252.274,2068.226,1033.863,1684.976
715.jpg,1256.779,2069.111,987.362,1656.822
716.jpg,1159.008,2286.856,1044.244,1819.888
717.jpg,773.524,892.488,728.347,734.371
718.jpg,841.288,833.759,778.041,683.171
719.jpg,510.419,539.189,456.847,463.792
720.jpg,789.764,688.386,731.136,551.586
721.jpg,444.508,513.922,393.161,457.82
722.jpg,424.43,565.055,400.993,483.533
723.jpg,1573.957,1595.482,1463.253,1309.497
724.jpg,749.977,814.647,688.315,670.267
725.jpg,760.996,694.347,671.658,606.428
726.jpg,486.454,498.283,447.025,416.467
727.jpg,722.882,791.918,653.845,661.349
728.jpg,1708.243,2708.482,1593.5,2334.5
729.jpg,792.088,718.325,719.771,605.511
730.jpg,855.167,1099.833,760.5,902.5
731.jpg,825.5,773.833,742.5,637.5
732.jpg,2669.5,2432.5,2311.5,1986.833
733.jpg,955.594,1256.726,774.915,995.745
734.jpg,2681.667,2505.709,2386.818,2082.459
735.jpg,2253.091,1952.859,1923.207,1559.963
736.jpg,2629.355,2291.706,2291.706,1906.501
737.jpg,2600.5,2216.5,2276.5,1877.5
738.jpg,988.5,1379.5,762.5,1065.5
739.jpg,810.5,831.5,736.167,704.833
740.jpg,1698.5,1739.5,1500.5,1339.5
741.jpg,2056.643,1815.716,1823.129,1493.245
742.jpg,1903.5,1775.5,1660.5,1505.5
743.jpg,1723.5,1547.5,1551.5,1311.5
744.jpg,2695.933,2324.995,2420.108,1916.013
745.jpg,1459.269,1779.218,1245.969,1405.944
746.jpg,736.616,755.405,645.56,636.888
747.jpg,794.657,752.654,706.306,626.646
748.jpg,2108.535,1930.62,1889.847,1585.909
749.jpg,2101.122,1823.129,1871.315,1519.191
750.jpg,2078.244,1759.578,1826.275,1389.035
751.jpg,2096.5,1817.5,1889.5,1493.5
752.jpg,2021.5,1971.5,1843.5,1599.5
753.jpg,1243.107,2107.375,1024.107,1669.375
754.jpg,1743.17,1724.66,1509.941,1409.985
755.jpg,805.147,811.171,737.382,698.229
756.jpg,804.12,777.048,722.906,676.283
757.jpg,1769.085,1880.146,1539.557,1535.855
758.jpg,760.268,748.698,705.308,628.653
759.jpg,1460.879,1403.002,1191.754,1130.983
760.jpg,1574.6,1632.109,1354.15,1322.2
761.jpg,1362.5,1400.5,1104.5,1064.5
762.jpg,699.5,782.5,640.5,645.5
763.jpg,2064.056,1815.716,1812.01,1519.191
764.jpg,1872.742,2080.058,1598.79,1591.386
765.jpg,1607.3,1761.703,1278.356,1382.41
766.jpg,478.628,510.896,444.405,433.649
767.jpg,479.5,528.833,420.833,442.833
768.jpg,1978.5,2789.5,1654.238,2270.813
769.jpg,2515.22,2415.352,2263.172,2025.392
770.jpg,2019.5,1773.5,1714.21,1477.106
771.jpg,436.953,487.428,361.683,410.387
772.jpg,795.952,1032.17,674.707,839.851
773.jpg,761.985,607.048,660.727,515.55
774.jpg,1646.917,1328.54,1372.964,1021.269
775.jpg,2057.935,1907.213,1803.86,1597.156
776.jpg,458.986,492.014,424.014,409.443
777.jpg,1533.465,1628.571,1413.816,1346.322
778.jpg,465.427,512.952,430.017,423.494
779.jpg,1934.5,1892.5,1790.5,1486.5
780.jpg,2022.5,1974.5,1896.5,1542.5
781.jpg,476.167,547.167,430.833,466.5
782.jpg,2715.5,2315.5,2351.5,1939.5
783.jpg,1597.5,1465.5,1393.5,1117.5
784.jpg,2299.5,2410.5,2038.5,1936.5
785.jpg,2080.5,1933.5,1866.5,1553.5
786.jpg,2616.5,2465.5,2367.5,2000.5
787.jpg,1508.5,1683.5,1380.5,1383.5
788.jpg,487.833,512.833,442.5,412.833
789.jpg,2089.5,1804.5,1799.5,1492.5
790.jpg,1908.5,1755.5,1610.5,1469.5
791.jpg,747.5,990.5,637.89,804.91
792.jpg,801.5,789.5,719.5,659.5
793.jpg,738.5,751.5,660.5,621.5
794.jpg,1162.5,1329.5,890.5,1037.5
795.jpg,2469.5,2250.5,2163.5,1866.5
796.jpg,506.833,514.5,457.5,428.5
797.jpg,490.0,504.5,427.0,429.0
798.jpg,1535.5,1469.5,1391.5,1071.5
799.jpg,2088.5,1745.5,1794.5,1271.5
800.jpg,824.5,744.5,756.5,605.5
801.jpg,807.5,827.5,750.5,668.5
802.jpg,2069.5,1821.5,1844.5,1488.5
803.jpg,2101.5,1930.5,1875.5,1581.5
804.jpg,731.5,750.5,672.5,635.5
805.jpg,988.5,1294.5,782.5,1032.5
806.jpg,2170.5,1869.5,1870.5,1561.5
807.jpg,1777.5,1448.5,1574.167,1089.167
808.jpg,907.167,1235.833,724.5,971.5
809.jpg,2550.5,2239.5,2250.5,1867.5
810.jpg,2101.5,1837.5,1892.5,1499.5
811.jpg,2188.5,1831.5,1878.5,1511.5
812.jpg,1778.5,1788.5,1586.5,1439.5
813.jpg,483.5,495.5,446.0,422.0
814.jpg,511.5,502.5,456.0,412.0
815.jpg,783.5,671.833,721.5,543.833
816.jpg,1612.5,1519.5,1464.5,1246.5
817.jpg,982.5,1274.5,748.5,938.5
818.jpg,2031.5,1805.5,1801.5,1478.5
819.jpg,729.5,753.5,668.5,629.5
820.jpg,2620.5,2315.5,2260.5,2006.5
821.jpg,2091.5,1720.5,1819.5,1458.5
822.jpg,1710.5,1448.5,1486.5,1107.5
823.jpg,2258.5,1978.5,2003.5,1627.5
824.jpg,1625.5,1544.5,1517.5,1304.5
825.jpg,494.167,488.5,462.167,405.167
826.jpg,812.833,598.833,720.833,518.167
827.jpg,1219.167,1429.833,1052.5,1203.167
828.jpg,761.5,805.5,685.5,682.5
829.jpg,792.5,823.5,738.5,668.5
830.jpg,1374.5,2227.5,1107.5,1840.5
831.jpg,1795.5,1823.5,1587.684,1517.345
832.jpg,1735.5,1606.5,1467.5,1250.5
833.jpg,1956.5,1744.5,1758.5,1370.5
834.jpg,1735.5,1918.5,1537.5,1603.5
835.jpg,1863.5,2007.5,1645.5,1668.5
836.jpg,2189.5,2417.5,1928.5,1985.5
837.jpg,1739.5,1791.5,1507.5,1472.5
838.jpg,2151.5,1808.5,1875.5,1524.5
839.jpg,999.5,1221.5,761.5,961.5
840.jpg,805.5,736.5,719.5,634.5
841.jpg,2114.5,1853.5,1890.5,1490.5
842.jpg,1640.5,1695.5,1542.5,1377.5
843.jpg,510.5,493.833,461.167,425.833
844.jpg,2512.5,2298.5,2206.5,1965.5
845.jpg,2276.5,2297.5,1997.5,1940.5
846.jpg,2243.5,1950.5,1973.5,1573.5
847.jpg,2169.5,1933.5,1895.5,1599.5
848.jpg,1002.833,1671.167,814.5,1388.5
849.jpg,2289.5,2240.5,1887.281,1932.92
850.jpg,1517.5,2205.5,1267.5,1843.5
851.jpg,1514.5,2202.5,1277.5,1857.5
852.jpg,1831.5,1863.5,1625.5,1493.5
853.jpg,2099.5,1830.5,1883.5,1506.5
854.jpg,1320.5,2120.5,1083.5,1778.5
855.jpg,2028.5,1885.5,1818.5,1535.5
856.jpg,1784.5,2003.5,1592.5,1639.5
857.jpg,731.5,1062.833,633.5,851.5
858.jpg,1755.5,1821.5,1543.5,1503.5
859.jpg,2138.5,1869.5,1866.5,1579.5
860.jpg,2041.5,1953.5,1849.5,1553.5
861.jpg,1967.5,1646.5,1761.5,1356.5
862.jpg,1308.5,2063.5,966.5,1691.5
863.jpg,2161.5,1991.5,1877.5,1651.5
864.jpg,2087.5,1701.5,1843.5,1427.5
865.jpg,2060.5,1963.5,1895.5,1611.5
866.jpg,1156.5,1800.5,1024.5,1496.5
867.jpg,1707.5,2541.5,1449.5,2256.5
868.jpg,1027.833,1384.167,826.5,1117.5
869.jpg,2589.5,2408.5,2322.5,1994.5
870.jpg,2287.5,2385.5,1938.5,2030.5
871.jpg,1637.5,1616.5,1433.5,1273.5
872.jpg,1812.5,1797.5,1475.167,1402.833
873.jpg,1856.5,1632.5,1523.5,1229.5
874.jpg,1870.5,1782.167,1535.5,1372.5
875.jpg,2091.5,1917.5,1823.5,1496.5
876.jpg,2108.5,1773.5,1839.167,1363.5
877.jpg,962.5,1829.5,781.5,1455.5
878.jpg,1025.833,1893.167,879.167,1507.833
879.jpg,1257.167,1940.833,970.833,1621.167
880.jpg,1124.833,1679.833,910.5,1419.5
881.jpg,2088.833,1583.167,1767.833,1274.833
882.jpg,1173.667,1932.0,952.833,1537.167
883.jpg,2006.167,1602.167,1754.5,1189.5
884.jpg,1258.5,2012.5,1075.5,1612.5
886.jpg,2031.167,1672.167,1759.5,1288.5
887.jpg,1177.5,1966.5,991.5,1604.5
888.jpg,1113.5,1922.5,945.5,1516.167
890.jpg,2012.5,1591.5,1680.5,1191.5
891.jpg,1988.167,1649.167,1589.5,1271.833
892.jpg,506.25,504.5,445.5,434.0
894.jpg,1124.833,1775.833,864.5,1482.167
895.jpg,2310.5,1572.5,1880.5,1290.5
896.jpg,2052.5,2009.5,1745.5,1581.5
897.jpg,832.0,792.0,760.833,682.5
898.jpg,1031.5,1943.5,863.5,1569.5
899.jpg,1175.5,1752.5,879.5,1536.5
900.jpg,1985.5,1523.5,1647.5,1239.5
901.jpg,2133.5,1605.5,1818.167,1298.167
902.jpg,1936.5,1551.167,1719.167,1209.833
904.jpg,1730.833,1847.5,1602.5,1423.5
905.jpg,1139.5,1997.5,970.5,1639.5
906.jpg,1305.5,1983.5,1021.5,1661.5
907.jpg,1085.5,1629.5,947.5,1290.5
908.jpg,1137.5,1791.5,949.5,1425.5
909.jpg,1028.5,2029.5,855.5,1630.5
910.jpg,2156.5,1643.5,1789.833,1332.167
911.jpg,2096.167,1581.5,1910.833,1272.167
912.jpg,2095.5,1601.5,1918.167,1252.5
913.jpg,1936.833,1718.167,1831.5,1363.5
914.jpg,2013.5,1709.833,1890.167,1393.833
915.jpg,2224.167,1835.833,1954.833,1406.5
916.jpg,2032.5,1745.5,1768.5,1367.833
917.jpg,2049.5,1876.5,1754.833,1460.5
918.jpg,2171.5,1829.5,1858.5,1453.5
920.jpg,1835.167,1463.167,1563.167,1116.5
921.jpg,2202.167,1822.5,1848.5,1475.5
922.jpg,2200.833,1607.167,1881.833,1320.833
923.jpg,1720.167,1668.167,1278.833,1334.5
924.jpg,2066.5,1634.5,1855.833,1290.833
925.jpg,2008.5,1746.5,1738.5,1414.5
926.jpg,1147.5,1956.5,967.5,1635.5
927.jpg,1940.5,1757.5,1724.5,1413.5
928.jpg,1986.5,1679.5,1770.5,1305.5
929.jpg,2023.5,1725.833,1839.5,1406.5
930.jpg,2098.5,1672.5,1837.5,1337.5
931.jpg,543.5,668.5,459.5,558.5
932.jpg,1424.5,1294.5,1244.5,1110.5
933.jpg,520.833,433.167,442.5,356.5
934.jpg,1738.5,1907.5,1426.5,1535.5
935.jpg,1426.5,1297.5,1247.5,1110.5
936.jpg,2279.5,1789.5,2065.5,1479.5
937.jpg,231.5,190.833,209.0,157.75
938.jpg,1673.5,1879.833,1426.5,1602.5
939.jpg,812.5,1389.5,614.5,1140.5
940.jpg,1643.5,2156.5,1424.833,1802.167
941.jpg,1305.5,1141.5,1054.833,826.5
942.jpg,342.5,514.5,296.0,418.5
943.jpg,995.5,774.5,934.5,632.5
944.jpg,1903.5,1824.5,1651.833,1435.5
945.jpg,2291.5,2684.5,2001.5,2249.5
946.jpg,1682.5,2024.5,1446.5,1594.5
947.jpg,1759.5,1683.5,1512.833,1346.167
948.jpg,184.833,186.167,154.167,157.167
949.jpg,3679.5,3274.5,3429.5,2616.5
950.jpg,1505.5,2375.5,1187.5,2009.5
951.jpg,1338.833,1887.833,1058.5,1535.5
952.jpg,504.167,427.167,453.5,346.833
953.jpg,760.5,704.5,696.5,575.5
954.jpg,650.0,676.5,532.833,588.167
955.jpg,1288.5,1932.5,1028.5,1556.5
956.jpg,1967.5,2375.5,1662.5,1981.5
957.jpg,2147.5,2277.5,1799.5,1835.5
958.jpg,654.833,664.167,552.167,561.5
959.jpg,2142.5,1624.5,1868.5,1324.5
960.jpg,1070.5,930.5,923.167,745.5
961.jpg,418.25,414.0,384.75,339.25
962.jpg,1921.5,1747.5,1696.5,1362.5
963.jpg,2684.5,2262.5,2274.833,1797.833
964.jpg,2029.5,1725.5,1850.5,1349.5
965.jpg,643.5,520.0,582.0,402.5
966.jpg,724.5,1182.5,604.5,962.5
967.jpg,1690.5,1767.5,1514.5,1511.5
968.jpg,1004.833,1592.167,791.5,1228.5
969.jpg,1238.5,1223.5,1033.5,978.5
970.jpg,1803.167,1692.167,1604.5,1452.5
971.jpg,1960.5,1639.167,1733.5,1283.5
972.jpg,409.5,367.5,367.0,280.5
973.jpg,293.0,298.5,250.5,238.0
974.jpg,1352.5,2287.5,1064.5,1823.5
975.jpg,2508.5,2515.5,2251.5,2030.5
976.jpg,1821.5,1633.5,1577.833,1285.833
977.jpg,2152.167,1721.167,1767.833,1283.5
978.jpg,1923.5,1641.167,1574.5,1338.833
979.jpg,2126.5,1528.5,1819.5,1194.5
980.jpg,1485.5,1410.5,1174.833,1173.833
981.jpg,1269.167,1790.5,1048.167,1483.167
982.jpg,1181.5,1956.5,903.833,1618.5
983.jpg,1144.833,1964.833,885.167,1590.5
984.jpg,1702.167,1654.167,1424.167,1328.5
985.jpg,1521.167,1529.5,1258.833,1160.833
986.jpg,1671.167,1513.5,1395.833,1140.833
987.jpg,1873.5,1638.833,1649.5,1288.5
988.jpg,456.5,434.5,386.5,351.0
989.jpg,307.0,391.0,227.5,308.5
990.jpg,1817.5,1631.5,1525.5,1257.5
991.jpg,1762.5,1769.5,1454.5,1346.833
992.jpg,1791.5,1765.5,1539.5,1369.5
993.jpg,1861.5,1814.5,1579.833,1472.5
994.jpg,1208.5,1955.5,1110.167,1486.5
995.jpg,1048.167,1782.167,822.5,1472.167
996.jpg,1052.389,1207.161,928.135,991.352
997.jpg,338.071,421.643,276.643,346.643
998.jpg,1214.5,2065.5,1010.5,1682.5
999.jpg,1215.5,2059.5,1016.5,1678.5
1000.jpg,1069.167,1783.167,480.5,840.833
1001.jpg,333.0,549.5,269.5,418.833
1002.jpg,1216.5,1817.833,999.5,1494.5
1003.jpg,1265.5,1843.167,1079.833,1536.5
1004.jpg,735.5,1039.5,564.5,854.5
1005.jpg,1224.833,1916.833,1086.167,1598.167
1006.jpg,1109.833,1926.833,969.5,1600.5
1007.jpg,2112.5,1837.167,1948.5,1465.167
1008.jpg,1184.167,1896.5,1004.167,1548.5
1009.jpg,1261.833,1831.5,1079.5,1502.5
1010.jpg,1178.833,2069.167,1005.5,1657.5
1011.jpg,1186.5,2093.5,1029.833,1667.167
1012.jpg,1275.833,2083.5,1103.833,1655.5
1013.jpg,1239.167,1862.167,1010.5,1541.5
1014.jpg,1150.5,1828.5,828.5,1426.5
1015.jpg,1224.5,1843.167,977.833,1518.167
1016.jpg,1202.167,2033.833,968.5,1684.833
1017.jpg,1071.5,1962.833,864.5,1507.5
1018.jpg,1110.5,1809.5,904.5,1535.167
1019.jpg,1147.5,2107.5,973.5,1739.5
1020.jpg,763.0,768.5,697.5,645.5
1021.jpg,482.167,509.167,439.5,433.5
1022.jpg,864.167,1194.5,768.833,994.5
1023.jpg,477.25,506.5,438.5,419.833
1024.jpg,1083.5,2008.5,913.5,1595.5
1025.jpg,1085.833,2057.5,910.5,1617.5
1026.jpg,727.0,632.0,654.0,511.0
1027.jpg,500.75,473.5,433.167,407.5
1028.jpg,750.0,784.5,691.5,658.167
1029.jpg,748.167,786.5,695.5,661.0
1030.jpg,750.5,812.167,687.0,662.5
1031.jpg,759.0,791.5,706.833,671.833
1032.jpg,1165.5,1941.5,962.5,1597.5
1034.jpg,1179.5,1837.5,935.5,1524.5
1045.jpg,1735.5,2530.5,1513.5,1975.5
1046.jpg,2195.833,1880.167,1843.167,1543.167
1047.jpg,2120.5,1732.167,1891.167,1385.5
1048.jpg,988.5,1488.5,841.5,1339.5
1049.jpg,1366.5,1801.5,1078.5,1485.5
1050.jpg,1739.5,1544.5,1536.167,1168.167
1051.jpg,866.5,986.5,653.5,765.5
1052.jpg,892.5,947.5,711.5,762.5
1053.jpg,2232.5,1992.5,1956.5,1636.5
1054.jpg,817.5,687.5,743.5,546.833
1055.jpg,2005.5,1820.5,1796.833,1519.5
1056.jpg,817.5,693.167,743.5,548.5
1057.jpg,1280.5,1362.5,1114.833,1036.833
1058.jpg,2287.5,2097.833,2038.833,1622.833
1059.jpg,357.5,567.167,298.833,469.167
1060.jpg,2423.5,2280.5,2105.5,1924.5
1061.jpg,1871.5,1898.5,1669.5,1536.5
1062.jpg,2127.5,1857.833,1825.5,1570.5
1063.jpg,834.5,1081.5,623.5,805.5
1064.jpg,790.167,783.5,701.5,654.5
1065.jpg,656.76,760.596,608.156,621.412
1066.jpg,2336.5,2051.5,2035.5,1623.5
1067.jpg,1499.5,2280.5,1235.5,1795.5
1068.jpg,1525.633,1608.981,1367.559,1402.048
1069.jpg,1385.5,2331.5,1156.5,1863.5
1070.jpg,1155.5,1230.5,947.5,1039.167
1071.jpg,2066.5,1814.5,1757.5,1497.167
1072.jpg,1922.5,2018.5,1651.167,1631.167
1073.jpg,453.5,683.5,374.0,568.5
1074.jpg,757.5,1343.5,550.167,1065.5
1075.jpg,1953.5,2023.5,1687.5,1627.5
1076.jpg,1731.5,2404.5,1445.5,2062.5
1077.jpg,798.167,823.167,712.833,670.5
1078.jpg,1738.167,1628.5,1551.5,1379.167
1079.jpg,465.0,498.5,415.0,410.5
1080.jpg,663.0,502.5,555.5,399.5
1081.jpg,1971.5,1801.5,1623.5,1449.5
1082.jpg,2646.5,2548.5,2412.5,2101.5
1083.jpg,1762.5,1717.5,1502.5,1427.5
1084.jpg,2443.5,2101.5,2117.5,1713.5
1085.jpg,807.167,631.167,702.5,513.167
1086.jpg,998.5,1609.5,833.167,1288.833
1087.jpg,2863.5,2495.5,2358.5,2046.5
1088.jpg,2367.5,2487.5,2073.5,2070.5
1089.jpg,1965.5,1561.5,1661.5,1173.5
1090.jpg,2778.5,2503.5,2405.5,1991.5
1091.jpg,2289.5,1928.5,1947.5,1588.5
1092.jpg,822.5,772.5,738.167,654.167
1093.jpg,2261.5,2032.5,1951.5,1694.5
1094.jpg,2060.5,1817.5,1778.5,1494.5
1095.jpg,2183.5,2168.5,1905.5,1805.5
1096.jpg,1867.5,2118.5,1565.5,1696.5
1097.jpg,1640.5,1715.5,1481.5,1457.5
1098.jpg,2754.5,2537.5,2391.5,2093.5
1099.jpg,2603.5,2479.5,2303.5,2063.5
1100.jpg,1847.5,1454.5,1547.5,1129.5
1101.jpg,2261.5,2045.5,1877.5,1641.5
1102.jpg,1593.5,1309.5,1367.833,1058.5
1103.jpg,2209.5,2020.5,1912.5,1676.5
1104.jpg,2689.5,2554.5,2441.5,2044.5
1105.jpg,2481.5,2287.5,2168.5,1900.5
1106.jpg,2294.5,2129.5,1979.5,1668.167
1107.jpg,2609.5,2591.5,2409.5,2089.5
1108.jpg,844.5,1031.5,724.5,806.5
1109.jpg,1908.5,2631.5,1607.167,2304.167
1110.jpg,1877.833,2090.833,1682.833,1652.167
1111.jpg,1874.5,2081.5,1683.833,1648.167
1112.jpg,2150.5,1928.833,1910.5,1624.833
1113.jpg,781.5,723.5,698.5,608.5
1114.jpg,1375.5,2009.5,1093.5,1639.5
1115.jpg,893.167,1258.167,685.167,986.167
1116.jpg,2395.5,2661.5,2187.5,2106.5
1117.jpg,2146.833,2029.5,1875.5,1619.5
1118.jpg,2230.5,2050.5,1975.5,1639.5
1119.jpg,2088.167,1729.5,1789.5,1438.833
1120.jpg,2771.5,2550.5,2451.5,2111.5
1121.jpg,2753.5,2345.5,2385.5,1967.5
1122.jpg,717.833,786.167,630.5,630.167
1123.jpg,2231.5,1908.5,1947.5,1588.5
1124.jpg,2253.5,2347.5,1887.5,1934.5
1125.jpg,740.5,702.5,643.5,578.5
1126.jpg,1209.167,1801.5,1017.5,1394.5
1127.jpg,1921.5,1556.5,1572.167,1136.5
1128.jpg,2344.5,1984.167,2005.5,1519.5
1129.jpg,1664.833,2029.833,1467.5,1575.833
1130.jpg,2257.833,2088.167,2019.167,1656.5
1131.jpg,2171.833,1792.167,1873.5,1467.5
1132.jpg,1997.5,1991.5,1553.5,1619.5
1133.jpg,2327.5,2023.833,1989.5,1643.5
1134.jpg,1675.167,1786.5,1278.5,1352.5
1135.jpg,2553.167,2427.833,2318.5,1883.5
1136.jpg,726.0,715.0,634.833,602.5
1137.jpg,1553.5,1632.5,1400.5,1353.5
1138.jpg,2786.167,2467.5,2399.5,2052.5
1139.jpg,2224.833,2027.833,1990.167,1534.5
1140.jpg,446.167,402.167,382.0,322.0
1141.jpg,766.833,746.833,658.833,617.833
1142.jpg,2265.833,1908.5,1955.167,1603.167
1143.jpg,1569.167,1563.167,1425.167,1320.833
1144.jpg,2231.5,2055.5,1953.5,1679.5
1145.jpg,1944.5,1760.5,1617.5,1348.5
1146.jpg,2163.5,2045.5,1974.167,1677.833
1147.jpg,2747.5,2440.5,2391.5,2024.5
1148.jpg,1796.5,2521.167,1557.5,2202.5
1149.jpg,2269.5,2001.5,2043.5,1651.5
1150.jpg,2231.5,2026.5,2029.5,1630.5
1151.jpg,759.167,769.833,658.5,624.5
1152.jpg,1675.5,1295.5,1395.5,969.5
1153.jpg,2499.5,2365.5,2191.5,1972.5
1154.jpg,1724.5,1712.5,1442.5,1352.5
1155.jpg,1881.5,1981.5,1637.5,1594.5
1156.jpg,788.5,718.833,683.167,609.5
1157.jpg,517.5,556.5,475.0,472.5
1158.jpg,1642.5,1602.833,1467.833,1359.833
1159.jpg,2710.5,2358.5,2337.5,1952.5
1160.jpg,2939.5,2430.5,2541.5,2092.5
1161.jpg,2191.5,1842.5,1871.5,1560.5
1162.jpg,2624.5,2534.5,2277.5,2080.5
1163.jpg,1489.5,2545.5,1273.5,2207.5
1164.jpg,2183.5,1794.5,1895.5,1502.5
1165.jpg,1631.5,1933.5,1417.5,1533.5
1166.jpg,2211.5,1956.5,1951.5,1643.5
1167.jpg,2291.5,1979.5,1973.5,1605.5
1168.jpg,1611.833,1622.5,1447.833,1357.833
1169.jpg,2239.5,2167.5,1979.5,1755.5
1170.jpg,2465.833,2170.833,2200.5,1821.5
1171.jpg,1166.167,2246.833,937.5,1811.5
1172.jpg,879.5,1026.5,738.5,792.5
1173.jpg,2107.5,1962.5,1821.833,1595.833
1174.jpg,2158.167,2059.5,1910.167,1634.5
1175.jpg,2159.5,1907.5,1881.5,1573.5
1176.jpg,499.167,587.5,443.0,479.5
1177.jpg,553.5,549.0,480.5,476.5
1178.jpg,2587.5,2422.5,2339.5,1990.5
1179.jpg,806.5,820.5,722.5,688.5
1180.jpg,1970.5,2153.5,1742.5,1661.5
1181.jpg,2365.833,1728.5,2081.5,1424.5
1182.jpg,841.5,740.833,750.833,617.167
1183.jpg,2019.5,2004.5,1669.5,1615.5
1184.jpg,1823.833,1903.833,1562.5,1550.5
1185.jpg,2859.5,2540.5,2545.5,2113.5
1186.jpg,840.0,787.0,748.833,664.5
1187.jpg,1784.5,1749.5,1497.833,1489.167
1188.jpg,2597.5,2326.5,2275.5,1949.5
1189.jpg,1890.833,1872.833,1678.833,1498.5
1190.jpg,1929.5,1885.167,1665.5,1573.833
1191.jpg,2516.833,2281.833,2194.5,1903.5
1192.jpg,2583.5,2483.5,2119.5,2094.5
1193.jpg,1395.5,2261.5,1064.5,1871.5
1194.jpg,1430.5,2165.5,1057.5,1775.5
1195.jpg,1406.5,2258.833,1059.5,1869.5
1196.jpg,1965.5,1820.5,1654.833,1551.167
1197.jpg,2017.5,1596.833,1659.5,1207.5
1198.jpg,756.167,935.833,607.5,752.5
1199.jpg,2189.5,1928.167,1929.5,1592.167
1200.jpg,2640.5,2655.167,2385.833,2116.833
1201.jpg,1990.5,2104.5,1749.5,1733.167
1202.jpg,764.0,674.0,668.0,577.0
1203.jpg,2636.5,2139.833,2290.167,1808.833
1204.jpg,2697.833,2390.833,2389.167,1969.167
1205.jpg,2047.833,1637.167,1761.167,1324.833
1206.jpg,2721.5,2487.167,2421.833,2066.167
1207.jpg,713.5,699.5,640.5,589.0
1208.jpg,1738.5,1333.5,1481.5,1049.167
1209.jpg,2141.833,1795.833,1819.167,1499.167
1210.jpg,2634.833,2263.833,2312.833,1907.833
1211.jpg,817.5,966.5,676.5,755.5
1212.jpg,2107.833,1757.167,1867.5,1413.5
1213.jpg,2265.5,1941.167,1976.5,1547.167
1214.jpg,745.0,851.5,698.5,705.0
1215.jpg,2523.5,2263.833,2178.5,1922.5
1216.jpg,2481.5,2677.5,2039.5,2063.5
1217.jpg,536.167,536.833,453.167,445.833
1218.jpg,834.833,757.167,731.5,629.5
1219.jpg,1732.705,2524.215,1513.517,1976.247
1220.jpg,2191.5,1847.5,1803.5,1559.5
1221.jpg,2117.5,1748.5,1880.5,1388.5
1222.jpg,990.5,1490.5,846.5,1332.5
1223.jpg,1363.5,1819.5,1083.5,1483.5
1224.jpg,1759.5,1803.5,1535.5,1491.5
1225.jpg,1255.5,2011.5,1019.5,1615.5
1226.jpg,2843.5,2585.5,2465.5,2051.5
1227.jpg,902.5,1217.5,782.5,992.5
1228.jpg,2297.5,2123.5,1907.5,1673.5
1229.jpg,1742.5,1754.5,1448.5,1337.5
1230.jpg,1601.5,1301.5,1421.5,959.5
1231.jpg,3215.5,3495.5,2879.5,3079.5
1232.jpg,2099.5,2055.5,1739.5,1699.5
1233.jpg,1277.5,2417.5,935.5,1985.5
1234.jpg,2271.5,2135.5,2003.5,1671.5
1235.jpg,2267.5,3323.5,1805.5,2783.5
1236.jpg,1694.5,1697.5,1445.5,1388.5
1238.jpg,1961.5,1895.5,1733.5,1340.5
1239.jpg,579.5,457.5,502.5,324.5
1240.jpg,266.167,316.167,222.833,266.167
1241.jpg,2051.5,1799.5,1700.5,1478.5
1242.jpg,380.5,410.5,340.5,317.5
1243.jpg,2407.5,2311.5,2187.5,1907.5
1244.jpg,1529.5,1430.5,1340.5,1187.5
1245.jpg,696.5,519.5,608.5,411.5
1246.jpg,519.5,554.5,456.5,449.5
1247.jpg,1507.5,2383.5,1187.5,1883.5
1248.jpg,1997.5,1730.5,1745.5,1388.5
1249.jpg,1772.5,1547.5,1562.5,1298.5
1250.jpg,2603.5,2439.5,2271.5,1983.5
1251.jpg,1895.5,1556.5,1628.5,1265.5
1252.jpg,651.5,665.5,599.5,509.5
1253.jpg,1207.5,1822.167,979.5,1447.5
1254.jpg,1213.5,1275.5,1019.5,919.5
1255.jpg,1223.5,1673.5,974.5,1322.5
1256.jpg,560.5,720.5,466.5,596.5
1257.jpg,944.5,1607.5,719.5,1289.5
1258.jpg,1433.5,1448.5,1262.5,1172.5
1259.jpg,1979.5,2287.5,1691.5,1763.5
1260.jpg,642.5,642.5,532.5,506.5
1261.jpg,1490.5,1379.5,1223.5,1034.5
1262.jpg,1226.5,1670.5,965.5,1313.5
1263.jpg,1613.5,1607.5,1394.5,1238.5
1264.jpg,650.5,553.5,534.5,424.5
1265.jpg,474.5,461.5,416.5,353.5
1266.jpg,1226.5,1673.5,962.5,1319.5
1267.jpg,394.5,397.5,329.5,302.5
1268.jpg,470.5,379.5,402.5,310.5
1269.jpg,939.5,1317.5,797.5,1031.5
1270.jpg,887.5,1263.5,747.5,969.5
1271.jpg,2784.5,4427.5,2382.5,3689.5
1272.jpg,1241.5,1937.5,1046.5,1550.5
1273.jpg,670.5,540.5,598.5,471.5
1274.jpg,721.5,676.5,632.5,496.5
1275.jpg,2123.5,2247.5,1823.5,1767.5
1276.jpg,935.5,1562.5,665.5,1235.5
1277.jpg,1011.5,1211.5,877.5,939.5
1278.jpg,495.5,419.5,395.5,346.5
1279.jpg,332.5,525.5,297.5,422.5
1280.jpg,1169.5,1433.5,962.5,1193.5
1281.jpg,1139.5,1583.5,962.5,1328.5
1282.jpg,1547.5,1975.5,1303.5,1611.5
1283.jpg,435.5,395.5,394.5,304.5
1284.jpg,235.167,214.833,215.833,174.833
1285.jpg,568.833,504.833,490.5,404.5
1286.jpg,812.5,638.167,701.833,524.833
1287.jpg,1826.5,1856.5,1676.5,1436.5
1288.jpg,288.5,443.5,226.5,370.5
1289.jpg,363.5,368.5,294.5,293.5
1290.jpg,480.5,461.5,425.167,352.833
1291.jpg,2411.5,1747.5,2103.5,1335.5
1292.jpg,422.167,310.167,365.5,240.833
1293.jpg,786.167,778.167,620.833,631.5
1294.jpg,1640.5,1799.5,1454.5,1457.5
1295.jpg,2039.5,1613.5,1805.5,1325.5
1296.jpg,1151.5,959.5,1064.833,778.167
1297.jpg,2103.5,2327.5,1811.5,1827.5
1298.jpg,1830.5,2144.5,1534.5,1628.5
1299.jpg,1250.5,1838.5,1043.5,1478.5
1300.jpg,1673.5,1673.5,1478.5,1409.5
1301.jpg,1039.5,2451.5,815.5,1979.5
1302.jpg,1589.5,1205.5,1307.5,866.5
1303.jpg,1946.5,1910.5,1601.5,1520.5
1304.jpg,1835.5,1634.5,1628.5,1358.5
1305.jpg,1393.5,1193.5,1251.5,871.5
1306.jpg,2291.5,1997.5,2069.5,1601.5
1307.jpg,974.833,1593.5,822.833,1393.5
1308.jpg,1051.5,1215.5,819.5,971.5
1309.jpg,1103.5,1559.5,839.5,1256.5
1310.jpg,643.5,723.5,520.833,572.833
1311.jpg,2081.5,2393.5,1763.5,1955.5
1312.jpg,1207.5,2047.5,995.5,1631.5
1313.jpg,423.5,648.5,351.5,552.5
1314.jpg,879.5,835.5,747.5,657.5
1315.jpg,1285.5,1373.5,1009.5,1033.5
1316.jpg,1100.5,1559.5,866.5,1205.5
1317.jpg,2201.5,1715.5,1871.5,1493.5
1318.jpg,1877.5,1850.5,1565.5,1589.5
1319.jpg,2707.5,2203.5,2335.5,1923.5
1320.jpg,2207.5,1883.5,1889.5,1574.5
1321.jpg,2123.5,1970.5,1949.5,1556.5
1322.jpg,1301.5,1904.5,1118.5,1586.5
1323.jpg,1106.5,2021.5,857.5,1619.5
1324.jpg,1283.5,1895.5,1043.5,1532.5
1325.jpg,967.5,1101.5,839.5,929.5
1326.jpg,1755.5,1791.5,1542.5,1533.5
1327.jpg,1193.5,1361.5,938.5,1079.5
1328.jpg,1628.5,1562.5,1457.5,1256.5
1329.jpg,1539.5,2471.5,1303.5,2015.5
1330.jpg,2635.5,2303.5,2163.5,1799.5
1331.jpg,879.5,779.5,795.5,622.167
1332.jpg,2144.5,2027.5,1829.5,1733.5
1333.jpg,2117.5,3755.5,1871.5,3035.5
1334.jpg,4217.5,3335.5,3917.5,2723.5
1335.jpg,326.5,430.5,285.5,331.5
1336.jpg,1507.5,2299.5,1123.5,1911.5
1337.jpg,4277.5,3509.5,3905.5,2783.5
1338.jpg,1295.5,1325.5,1091.5,1015.5
1339.jpg,1517.5,1253.5,1196.5,926.5
1340.jpg,1495.5,1199.5,1205.5,873.5
1341.jpg,2897.5,3179.5,2531.5,2669.5
1342.jpg,1533.5,1251.5,1233.5,989.5
1343.jpg,2183.5,1841.5,1991.5,1502.5
1344.jpg,2479.5,2727.5,2055.5,2167.5
1345.jpg,1045.5,857.5,857.5,659.5
1346.jpg,3223.5,2503.5,2719.5,1947.5
1347.jpg,1136.5,1733.5,908.5,1406.5
1348.jpg,2471.5,2299.5,2079.5,1871.5
1349.jpg,877.5,827.5,709.5,643.5
1350.jpg,1628.5,1673.5,1328.5,1331.5
1351.jpg,903.5,798.167,743.5,556.833
1352.jpg,890.5,1898.5,728.5,1514.5
1353.jpg,893.5,1898.5,740.5,1514.5
1354.jpg,946.167,768.833,802.167,567.5
1355.jpg,815.5,770.167,646.167,587.5
1356.jpg,955.5,844.833,819.5,618.167
1357.jpg,902.167,779.5,752.833,551.5
1358.jpg,1008.833,855.5,900.833,575.5
1359.jpg,962.167,803.5,839.5,618.167
1360.jpg,1124.5,1955.5,941.5,1532.5
1361.jpg,1479.5,2703.5,1115.5,2211.5
1362.jpg,376.5,410.5,272.5,314.5
1363.jpg,1712.5,1448.5,1400.5,1049.5
1364.jpg,1772.5,1313.5,1571.5,944.5
1365.jpg,1579.5,2099.5,1151.5,1727.5
1366.jpg,3245.5,3719.5,2831.5,3041.5
1367.jpg,1736.5,1940.5,1433.5,1541.5
1368.jpg,858.167,804.833,732.833,598.167
1369.jpg,1619.5,1901.5,1325.5,1580.5
1370.jpg,530.5,525.5,480.5,409.5
1371.jpg,1101.5,963.5,893.5,747.5
1372.jpg,1070.167,820.833,878.167,616.833
1373.jpg,878.167,807.5,768.833,555.5
1374.jpg,919.5,739.5,738.167,559.5
1375.jpg,1871.5,1832.5,1655.5,1454.5
1376.jpg,1814.5,1778.5,1616.5,1511.5
1377.jpg,864.833,763.5,702.167,559.5
1378.jpg,937.5,1131.5,761.5,881.5
1379.jpg,393.5,390.5,343.5,305.5
1380.jpg,1871.5,2147.5,1595.5,1699.5
1381.jpg,2075.5,1943.5,1827.5,1487.5
1382.jpg,1133.5,1886.5,1013.5,1442.5
1383.jpg,2204.5,1766.5,1946.5,1436.5
1384.jpg,2311.5,2047.5,2031.5,1583.5
1385.jpg,2186.5,1847.5,1958.5,1463.5
1386.jpg,1527.5,2523.5,1291.5,2135.5
1387.jpg,410.5,630.5,362.5,518.5
1388.jpg,441.5,297.167,379.167,227.833
1389.jpg,311.5,332.5,246.5,247.5
1390.jpg,2150.5,1454.5,1841.5,1205.5
1391.jpg,978.167,808.833,807.5,614.167
1392.jpg,1871.5,2147.5,1583.5,1711.5
1393.jpg,992.833,792.833,854.167,622.167
1394.jpg,962.167,799.5,791.5,612.833
1395.jpg,1253.003,1832.25,1038.467,1485.927
1396.jpg,894.127,768.46,790.901,624.841
1397.jpg,2537.071,2928.167,2350.619,2341.524
1398.jpg,824.452,777.119,719.643,596.802
1399.jpg,2660.766,2680.163,2424.123,2311.621
1400.jpg,652.363,633.25,550.762,489.399
1401.jpg,407.43,439.452,376.801,364.967
1402.jpg,650.351,634.256,550.762,489.399
1403.jpg,1435.562,1330.323,1251.395,944.45
1404.jpg,1794.5,1760.31,1503.881,1435.5
1405.jpg,1423.31,1843.746,1170.532,1482.635
1406.jpg,1379.667,1662.778,1134.667,1259.889
1407.jpg,2133.786,1824.801,1810.496,1432.848
1408.jpg,1484.762,1658.0,1265.667,1331.905
1409.jpg,4309.521,3746.806,3950.867,3060.418
1410.jpg,1796.306,2025.813,1590.956,1615.115
1411.jpg,817.181,2582.792,781.0,2076.264
1412.jpg,949.715,1045.939,846.617,805.378
1413.jpg,641.427,723.085,591.524,583.585
1414.jpg,2114.866,1847.098,1891.726,1481.149
1415.jpg,1489.579,1186.008,1378.468,987.595
1416.jpg,651.69,673.024,558.23,532.833
1417.jpg,1372.943,1986.143,1088.243,1598.2
1418.jpg,3685.016,3308.032,3308.032,2752.476
1419.jpg,420.094,391.579,367.817,304.252
1420.jpg,899.22,737.459,755.17,541.457
1421.jpg,1139.5,2069.5,989.5,1679.5
1422.jpg,1484.098,1339.455,1271.152,1106.42
1423.jpg,348.133,738.549,299.82,605.364
1424.jpg,1648.189,1951.973,1435.836,1488.924
1425.jpg,832.833,623.5,696.833,464.833
1426.jpg,836.444,818.556,759.778,678.0
1427.jpg,459.952,441.508,415.817,372.341
1428.jpg,1819.5,1600.002,1636.585,1332.49
1429.jpg,1784.44,2164.48,1472.932,1662.952
1430.jpg,2443.146,2471.397,2047.643,1902.861
1431.jpg,2226.668,1899.772,1829.505,1484.278
1432.jpg,590.965,630.513,514.505,470.563
1433.jpg,624.87,635.056,502.648,475.148
1434.jpg,1041.021,1949.71,832.716,1566.309
1435.jpg,713.795,562.557,612.629,447.084
1436.jpg,365.293,393.565,296.635,312.213
1437.jpg,362.986,395.295,296.635,312.79
1438.jpg,1545.056,1506.841,1330.631,1109.837
1439.jpg,605.464,450.75,522.377,376.974
1440.jpg,444.518,444.518,379.054,363.036
1441.jpg,809.229,766.279,703.118,605.849
1442.jpg,2483.286,2440.214,2253.571,1919.768
1443.jpg,734.48,608.581,614.252,489.487
1444.jpg,366.794,384.079,307.919,304.138
1445.jpg,391.233,356.861,356.356,281.042
1446.jpg,2262.992,1877.468,2017.659,1500.706
1447.jpg,2140.348,2051.018,1930.884,1619.768
1448.jpg,1734.158,2327.11,1373.232,1848.329
1449.jpg,616.653,549.589,535.218,433.024
1450.jpg,1553.5,2288.5,1243.5,1870.5
1451.jpg,1699.5,2083.5,1451.5,1615.5
1452.jpg,1051.5,1871.5,827.5,1543.5
1453.jpg,1895.5,1561.5,1711.5,1257.5
1454.jpg,1652.5,2241.833,1305.5,1844.5
1455.jpg,1778.5,1868.5,1541.5,1523.5
1456.jpg,1886.5,1844.5,1625.5,1469.5
1457.jpg,1762.5,1667.5,1512.5,1361.5
1459.jpg,1069.167,902.833,903.167,748.167
1460.jpg,1781.5,1478.5,1477.5,1142.5
1461.jpg,361.5,500.5,312.0,428.0
1462.jpg,360.833,500.5,311.5,428.5
1464.jpg,2006.5,1880.5,1778.5,1499.5
1465.jpg,3664.5,3203.5,3151.5,2510.5
1466.jpg,1171.5,1299.5,915.5,987.5
1467.jpg,1733.5,1652.5,1429.5,1228.5
1468.jpg,2126.5,1931.5,1708.833,1565.5
1469.jpg,2453.5,2361.5,2268.5,1726.5
1470.jpg,302.833,328.167,233.5,255.0
1471.jpg,1421.5,1807.5,1109.5,1481.5
1472.jpg,1334.5,1442.5,1076.5,1037.5
1473.jpg,1646.5,2424.5,1232.5,1890.5
1474.jpg,375.5,434.5,337.5,355.5
1475.jpg,297.5,335.5,234.5,258.5
1476.jpg,1419.5,1823.5,1007.5,1503.5
1477.jpg,1349.5,1433.5,1100.5,1052.5
1478.jpg,1625.5,2477.5,1241.5,1919.5
1479.jpg,808.833,694.167,686.167,504.833
1480.jpg,4271.5,3431.5,3647.5,2807.5
1481.jpg,2079.5,1479.5,1739.5,1175.5
1482.jpg,1511.5,1376.5,1364.5,1070.5
1483.jpg,413.5,443.5,294.5,354.5
1484.jpg,1487.5,1232.5,1325.5,1001.5
1486.jpg,1145.5,1253.5,908.5,962.5
1487.jpg,3875.5,3257.5,3413.5,2663.5
1488.jpg,2203.5,2107.5,1959.5,1619.5
1489.jpg,2871.5,2327.5,2551.5,1923.5
1490.jpg,492.5,450.5,432.5,356.5
1491.jpg,1745.5,1361.5,1541.5,1076.5
1492.jpg,1682.5,1841.5,1418.5,1484.5
1493.jpg,514.5,493.5,431.5,395.5
1494.jpg,1623.5,2307.5,1323.5,1891.5
1495.jpg,1639.5,1493.5,1363.5,1169.5
1496.jpg,3985.5,3601.5,3785.5,2832.5
1497.jpg,1789.5,1817.167,1577.5,1389.833
1498.jpg,1021.5,1601.167,777.5,1314.5
1499.jpg,722.167,614.833,603.5,511.5
1500.jpg,469.167,457.5,455.167,369.5
1501.jpg,1408.167,1539.167,1156.167,1164.167
1502.jpg,1408.833,1536.5,1158.5,1171.5
1503.jpg,1933.5,2000.833,1472.5,1646.167
1504.jpg,438.5,440.167,393.5,359.833
1505.jpg,438.5,441.25,396.167,359.833
1506.jpg,229.75,344.75,177.833,279.167
1507.jpg,632.5,591.0,543.5,469.0
1508.jpg,512.167,477.167,415.0,412.0
1509.jpg,634.5,628.5,523.0,499.5
1510.jpg,734.5,639.0,601.0,540.5
1511.jpg,787.0,671.5,667.5,554.0
1512.jpg,3821.5,3076.5,3219.5,2294.5
1513.jpg,1496.833,2320.167,1161.5,1856.5
1514.jpg,1499.5,2315.5,1247.5,1877.5
1515.jpg,3749.5,2459.5,3305.5,2111.5
1516.jpg,638.167,627.5,538.167,518.167
1517.jpg,2507.5,1691.5,2159.5,1335.5
1518.jpg,2463.5,2079.5,2203.5,1731.5
1519.jpg,417.5,389.5,356.5,300.5
1520.jpg,433.5,431.5,364.5,359.5
1521.jpg,663.5,598.167,592.833,511.5
1522.jpg,2003.5,2273.5,1655.5,1877.5
1523.jpg,1673.5,1589.5,1346.5,1262.5
1524.jpg,2439.5,2351.5,2183.5,1755.5
1525.jpg,2823.5,2427.5,2523.5,1883.5
1526.jpg,1682.5,1532.5,1409.5,1133.5
1527.jpg,2059.5,1835.5,1767.5,1531.5
1528.jpg,1543.5,1375.5,1299.5,1035.5
1529.jpg,393.5,400.5,337.5,329.5
1530.jpg,2024.5,1550.5,1727.5,1244.5
1531.jpg,1403.5,2339.5,1013.5,1913.5
1532.jpg,1183.5,2019.5,1007.5,1679.5
1533.jpg,416.833,712.833,342.167,579.5
1534.jpg,2131.5,1855.5,1871.5,1491.5
1537.jpg,1352.5,1667.5,1085.5,1391.5
1538.jpg,474.5,381.5,430.5,278.5
1539.jpg,689.5,935.5,513.5,733.5
1540.jpg,1805.5,2603.5,1295.5,2123.5
1541.jpg,407.5,551.5,355.5,452.833
1542.jpg,599.5,552.5,504.5,422.5
1543.jpg,885.5,837.5,803.5,683.5
1544.jpg,995.5,1699.5,755.5,1335.5
1545.jpg,2051.5,2147.5,1827.5,1763.5
1546.jpg,1711.5,1999.5,1555.5,1619.5
1547.jpg,1313.5,1298.5,1007.5,1025.5
1548.jpg,800.833,578.167,686.167,467.5
1549.jpg,1607.5,2351.5,1289.5,1895.5
1550.jpg,1634.5,1526.5,1343.5,1193.5
1551.jpg,3929.5,3707.5,3695.5,2825.5
1552.jpg,1748.5,1868.5,1592.5,1406.5
1553.jpg,1007.5,1646.5,737.5,1316.5
1554.jpg,465.5,467.5,448.5,369.5
1555.jpg,1397.5,1580.5,1124.5,1178.5
1557.jpg,226.5,374.5,187.5,309.5
1558.jpg,1571.5,2429.5,1126.5,1985.5
1559.jpg,1352.5,1541.5,1049.5,1202.5
1560.jpg,1315.5,1465.5,1183.5,1181.5
1561.jpg,454.167,379.5,384.833,307.5
1562.jpg,476.5,415.833,418.5,327.167
1563.jpg,1724.5,2041.5,1472.5,1612.5
1564.jpg,1659.5,2179.5,1423.5,1759.5
1565.jpg,1188.5,2014.5,929.5,1582.5
1566.jpg,1094.5,1916.5,854.5,1475.5
1567.jpg,1464.5,1660.5,1284.5,1362.5
1568.jpg,1124.5,1682.5,950.5,1322.5
1569.jpg,1939.5,2115.5,1635.5,1523.5
1570.jpg,1544.5,1469.5,1394.5,1193.5
1571.jpg,2045.5,1562.5,1859.5,1323.5
1572.jpg,793.5,670.5,693.5,524.5
1573.jpg,2627.5,2657.5,2237.5,2129.5
1574.jpg,660.5,539.5,583.5,431.5
1575.jpg,1915.5,2007.5,1695.5,1623.5
1576.jpg,569.5,738.5,492.5,556.5
1577.jpg,446.167,375.5,376.833,309.5
1578.jpg,2471.5,3881.5,2021.5,3137.5
1579.jpg,659.5,589.5,587.5,451.5
1580.jpg,1161.5,1888.5,927.5,1585.5
1581.jpg,2096.389,1711.376,1937.5,1411.5
1582.jpg,2008.5,1957.5,1792.5,1588.5
1583.jpg,1002.5,1884.5,789.5,1563.5
1584.jpg,1910.5,1902.5,1697.5,1584.5
1585.jpg,3423.5,2328.5,3216.5,1938.5
1586.jpg,1316.5,1984.5,1157.5,1711.5
1587.jpg,723.5,716.5,642.5,561.5
1588.jpg,1424.75,1204.589,1300.833,922.167
1589.jpg,4602.5,3672.5,4014.5,3138.5
1590.jpg,5095.018,3717.658,4459.862,3132.458
1591.jpg,2537.378,2308.362,2270.971,1901.74
1592.jpg,504.167,476.167,428.833,395.5
1593.jpg,748.5,621.5,652.5,505.5
1594.jpg,1711.5,1973.5,1444.5,1550.5
1595.jpg,537.5,630.5,467.5,499.5
1596.jpg,2556.794,2092.828,2206.079,1555.796
1597.jpg,3011.5,2703.5,2691.5,2263.5
1598.jpg,3030.5,2910.5,2642.5,2346.5
1599.jpg,1868.5,1831.5,1664.5,1453.5
1600.jpg,2292.5,2109.5,1926.5,1686.5
1601.jpg,1500.5,2381.5,1173.5,2009.5
1602.jpg,1473.5,2727.5,1113.5,2203.5
1603.jpg,470.5,380.0,400.0,312.0
1604.jpg,1166.668,1453.642,961.075,1194.509
1605.jpg,1141.661,1739.271,909.878,1412.54
1606.jpg,2472.147,2318.591,2066.602,1889.422
1607.jpg,2472.147,2326.466,2074.477,1861.86
1608.jpg,874.482,834.053,702.662,646.351
1609.jpg,2076.882,1937.583,1825.537,1495.458
1610.jpg,1861.079,2188.99,1608.314,1703.955
1611.jpg,1619.258,1705.645,1330.401,1333.101
1612.jpg,1667.5,1691.5,1478.5,1415.5
1613.jpg,1812.294,1788.266,1617.399,1513.277
1614.jpg,2127.5,2267.5,1823.5,1767.5
1615.jpg,1215.145,1286.273,1014.693,919.855
1616.jpg,2680.88,2334.331,2393.839,1851.262
1617.jpg,2267.5,2144.5,2005.5,1674.5
1618.jpg,1061.5,733.5,992.0,604.0
1619.jpg,2699.5,2948.5,2361.5,2478.5
1620.jpg,1227.333,1686.667,974.111,1327.444
1621.jpg,1830.855,1644.532,1627.371,1365.048
1622.jpg,1196.634,1845.979,984.289,1442.831
1623.jpg,939.5,1329.5,789.5,1033.5
1624.jpg,1764.167,1810.833,1553.5,1499.5
1625.jpg,2197.833,1843.833,1813.5,1582.5
1626.jpg,1255.5,1987.5,1037.5,1622.5
1627.jpg,995.167,785.5,910.5,630.167
1629.jpg,1107.5,893.5,954.5,683.5
1630.jpg,2416.5,1747.5,2108.5,1347.5
1631.jpg,894.5,758.5,793.5,626.5
1632.jpg,4886.5,3354.5,4345.5,2647.5
1633.jpg,3545.5,2458.5,3239.5,2013.5
1634.jpg,411.5,478.0,354.0,376.5
1635.jpg,2351.5,2250.5,2000.5,1623.5
1636.jpg,1131.5,2142.5,931.5,1690.5
1637.jpg,647.167,666.833,548.5,549.5
1638.jpg,864.167,1305.833,631.167,1087.5
1639.jpg,2112.5,1755.5,1780.5,1415.5
1640.jpg,1568.5,1196.5,1417.5,949.5
1641.jpg,711.167,509.833,635.5,418.5
1642.jpg,2090.167,1826.167,1887.5,1446.833
1643.jpg,910.833,1292.833,780.167,1007.5
1644.jpg,1673.167,1369.5,1482.5,1154.5
1645.jpg,1647.5,1590.5,1449.5,1242.5
1646.jpg,805.5,833.5,703.5,690.5
1649.jpg,1224.5,2029.5,1034.5,1607.5
1650.jpg,1171.5,1237.5,877.5,887.5
1651.jpg,484.833,819.5,350.167,658.167
1652.jpg,483.0,582.5,442.5,487.0
1653.jpg,781.5,786.5,700.833,670.5
1654.jpg,802.167,819.5,732.833,690.167
1655.jpg,963.5,1011.5,793.5,839.5
1656.jpg,1129.5,2295.5,967.5,1823.5
1657.jpg,459.0,524.75,426.0,436.0
1658.jpg,1171.5,1967.5,899.5,1531.5
1659.jpg,688.833,642.167,628.833,526.167
1670.jpg,1447.5,2315.5,1187.5,1779.5
